{
	"data": {
		"alphabet": [
			"area",
			"hot",
			"A",
			"B",
			"C",
			"D",
			"E",
			"F",
			"G",
			"H",
			"J",
			"K",
			"L",
			"M",
			"N",
			"P",
			"Q",
			"R",
			"S",
			"T",
			"W",
			"X",
			"Y",
			"Z"
		],
		"area":[{"areaName":"东城区","areaId":1},{"areaName":"西城区","areaId":2},{"areaName":"朝阳区","areaId":3}],
		"hotcity":[{"cityName":"北京","cityId":2},{"cityName":"上海","cityId":22},{"cityName":"广州","cityId":424},{"cityName":"武汉","cityId":1321}],
		"cities": {
			"A": [
				{
					"city": "阿坝藏族羌族自治州",
					"spell": "abazangzuqiangzuzizhizhou",
					"cityId": 2610
				},
				{
					"city": "阿克苏地区",
					"spell": "akesudiqu",
					"cityId": 2883
				},
				{
					"city": "阿拉尔市",
					"spell": "alaershi",
					"cityId": 2893
				},
				{
					"city": "阿拉善盟",
					"spell": "alashanmeng",
					"cityId": 2000
				},
				{
					"city": "阿勒泰地区",
					"spell": "aletaidiqu",
					"cityId": 2894
				},
				{
					"city": "阿里地区",
					"spell": "alidiqu",
					"cityId": 2802
				},
				{
					"city": "安康市",
					"spell": "ankangshi",
					"cityId": 2486
				},
				{
					"city": "安庆市",
					"spell": "anqingshi",
					"cityId": 113
				},
				{
					"city": "鞍山市",
					"spell": "anshanshi",
					"cityId": 1889
				},
				{
					"city": "安顺市",
					"spell": "anshunshi",
					"cityId": 702
				},
				{
					"city": "安阳市",
					"spell": "anyangshi",
					"cityId": 1012
				},
				{
					"city": "澳门半岛",
					"spell": "aomenbandao",
					"cityId": 3240
				}
			],
			"B": [
				{
					"city": "白城市",
					"spell": "baichengshi",
					"cityId": 1585
				},
				{
					"city": "百色市",
					"spell": "baiseshi",
					"cityId": 580
				},
				{
					"city": "白沙黎族自治县",
					"spell": "baishalizuzizhixian",
					"cityId": 794
				},
				{
					"city": "白山市",
					"spell": "baishanshi",
					"cityId": 1591
				},
				{
					"city": "白银市",
					"spell": "baiyinshi",
					"cityId": 332
				},
				{
					"city": "蚌埠市",
					"spell": "bangbushi",
					"cityId": 125
				},
				{
					"city": "保定市",
					"spell": "baodingshi",
					"cityId": 839
				},
				{
					"city": "宝鸡市",
					"spell": "baojishi",
					"cityId": 2497
				},
				{
					"city": "保山市",
					"spell": "baoshanshi",
					"cityId": 3003
				},
				{
					"city": "保亭黎族苗族自治县",
					"spell": "baotinglizumiaozuzizhixian",
					"cityId": 795
				},
				{
					"city": "包头市",
					"spell": "baotoushi",
					"cityId": 2012
				},
				{
					"city": "巴彦淖尔市",
					"spell": "bayannaoershi",
					"cityId": 2004
				},
				{
					"city": "巴音郭楞蒙古自治州",
					"spell": "bayinguolengmengguzizhizhou",
					"cityId": 2902
				},
				{
					"city": "巴中市",
					"spell": "bazhongshi",
					"cityId": 2624
				},
				{
					"city": "北海市",
					"spell": "beihaishi",
					"cityId": 593
				},
				{
					"city": "北京市",
					"spell": "beijingshi",
					"cityId": 2
				},
				{
					"city": "本溪市",
					"spell": "benxishi",
					"cityId": 1897
				},
				{
					"city": "毕节地区",
					"spell": "bijiediqu",
					"cityId": 709
				},
				{
					"city": "滨州市",
					"spell": "binzhoushi",
					"cityId": 2194
				},
				{
					"city": "博尔塔拉蒙古自治州",
					"spell": "boertalamengguzizhizhou",
					"cityId": 2912
				},
				{
					"city": "亳州市",
					"spell": "bozhoushi",
					"cityId": 133
				}
			],
			"C": [
				{
					"city": "沧州市",
					"spell": "cangzhoushi",
					"cityId": 865
				},
				{
					"city": "常德市",
					"spell": "changdeshi",
					"cityId": 1447
				},
				{
					"city": "昌都地区",
					"spell": "changdoudiqu",
					"cityId": 2810
				},
				{
					"city": "昌江黎族自治县",
					"spell": "changjianglizuzizhixian",
					"cityId": 796
				},
				{
					"city": "昌吉回族自治州",
					"spell": "changjihuizuzizhizhou",
					"cityId": 2916
				},
				{
					"city": "常州市",
					"spell": "changzhoushi",
					"cityId": 1658
				},
				{
					"city": "巢湖市",
					"spell": "chaohushi",
					"cityId": 138
				},
				{
					"city": "朝阳市",
					"spell": "chaoyangshi",
					"cityId": 1904
				},
				{
					"city": "潮州市",
					"spell": "chaozhoushi",
					"cityId": 437
				},
				{
					"city": "承德市",
					"spell": "chengdeshi",
					"cityId": 882
				},
				{
					"city": "成都市",
					"spell": "chengdoushi",
					"cityId": 2590
				},
				{
					"city": "澄迈县",
					"spell": "chengmaixian",
					"cityId": 797
				},
				{
					"city": "郴州市",
					"spell": "chenzhoushi",
					"cityId": 1457
				},
				{
					"city": "赤峰市",
					"spell": "chifengshi",
					"cityId": 2022
				},
				{
					"city": "池州市",
					"spell": "chizhoushi",
					"cityId": 144
				},
				{
					"city": "崇左市",
					"spell": "chongzuoshi",
					"cityId": 598
				},
				{
					"city": "楚雄彝族自治州",
					"spell": "chuxiongyizuzizhizhou",
					"cityId": 3009
				},
				{
					"city": "滁州市",
					"spell": "chuzhoushi",
					"cityId": 149
				}
			],
			"D": [
				{
					"city": "大连市",
					"spell": "dalianshi",
					"cityId": 1912
				},
				{
					"city": "大理白族自治州",
					"spell": "dalibaizuzizhizhou",
					"cityId": 3020
				},
				{
					"city": "丹东市",
					"spell": "dandongshi",
					"cityId": 1923
				},
				{
					"city": "儋州市",
					"spell": "danzhoushi",
					"cityId": 798
				},
				{
					"city": "大庆市",
					"spell": "daqingshi",
					"cityId": 1197
				},
				{
					"city": "大同市",
					"spell": "datongshi",
					"cityId": 2366
				},
				{
					"city": "大兴安岭地区",
					"spell": "daxinganlingdiqu",
					"cityId": 1207
				},
				{
					"city": "达州市",
					"spell": "dazhoushi",
					"cityId": 2629
				},
				{
					"city": "德宏傣族景颇族自治州",
					"spell": "dehongdaizujingpozuzizhizhou",
					"cityId": 3033
				},
				{
					"city": "德阳市",
					"spell": "deyangshi",
					"cityId": 2637
				},
				{
					"city": "德州市",
					"spell": "dezhoushi",
					"cityId": 2202
				},
				{
					"city": "定安县",
					"spell": "dinganxian",
					"cityId": 799
				},
				{
					"city": "定西市",
					"spell": "dingxishi",
					"cityId": 338
				},
				{
					"city": "迪庆藏族自治州",
					"spell": "diqingzangzuzizhizhou",
					"cityId": 3039
				},
				{
					"city": "东方市",
					"spell": "dongfangshi",
					"cityId": 800
				},
				{
					"city": "东莞市",
					"spell": "dongguanshi",
					"cityId": 441
				},
				{
					"city": "东营市",
					"spell": "dongyingshi",
					"cityId": 2214
				}
			],
			"E": [
				{
					"city": "鄂尔多斯市",
					"spell": "eerduosishi",
					"cityId": 2035
				},
				{
					"city": "恩施土家族苗族自治州",
					"spell": "enshitujiazumiaozuzizhizhou",
					"cityId": 1339
				},
				{
					"city": "鄂州市",
					"spell": "ezhoushi",
					"cityId": 1335
				}
			],
			"F": [
				{
					"city": "防城港市",
					"spell": "fangchenggangshi",
					"cityId": 606
				},
				{
					"city": "佛山市",
					"spell": "foshanshi",
					"cityId": 442
				},
				{
					"city": "抚顺市",
					"spell": "fushunshi",
					"cityId": 1930
				},
				{
					"city": "阜新市",
					"spell": "fuxinshi",
					"cityId": 1938
				},
				{
					"city": "阜阳市",
					"spell": "fuyangshi",
					"cityId": 158
				},
				{
					"city": "抚州市",
					"spell": "fuzhoushi",
					"cityId": 1774
				}
			],
			"G": [
				{
					"city": "甘南藏族自治州",
					"spell": "gannanzangzuzizhizhou",
					"cityId": 346
				},
				{
					"city": "赣州市",
					"spell": "ganzhoushi",
					"cityId": 1786
				},
				{
					"city": "甘孜藏族自治州",
					"spell": "ganzizangzuzizhizhou",
					"cityId": 2644
				},
				{
					"city": "高雄市",
					"spell": "gaoxiongshi",
					"cityId": 3244
				},
				{
					"city": "高雄县",
					"spell": "gaoxiongxian",
					"cityId": 3245
				},
				{
					"city": "广安市",
					"spell": "guanganshi",
					"cityId": 2663
				},
				{
					"city": "广元市",
					"spell": "guangyuanshi",
					"cityId": 2669
				},
				{
					"city": "广州市",
					"spell": "guangzhoushi",
					"cityId": 424
				},
				{
					"city": "贵港市",
					"spell": "guigangshi",
					"cityId": 611
				},
				{
					"city": "桂林市",
					"spell": "guilinshi",
					"cityId": 617
				},
				{
					"city": "贵阳市",
					"spell": "guiyangshi",
					"cityId": 691
				},
				{
					"city": "果洛藏族自治州",
					"spell": "guoluozangzuzizhizhou",
					"cityId": 2139
				},
				{
					"city": "固原市",
					"spell": "guyuanshi",
					"cityId": 2111
				}
			],
			"H": [
				{
					"city": "哈尔滨市",
					"spell": "haerbinshi",
					"cityId": 1177
				},
				{
					"city": "海北藏族自治州",
					"spell": "haibeizangzuzizhizhou",
					"cityId": 2146
				},
				{
					"city": "海东地区",
					"spell": "haidongdiqu",
					"cityId": 2151
				},
				{
					"city": "海口市",
					"spell": "haikoushi",
					"cityId": 789
				},
				{
					"city": "海南藏族自治州",
					"spell": "hainanzangzuzizhizhou",
					"cityId": 2158
				},
				{
					"city": "海西蒙古族藏族自治州",
					"spell": "haiximengguzuzangzuzizhizhou",
					"cityId": 2164
				},
				{
					"city": "哈密地区",
					"spell": "hamidiqu",
					"cityId": 2925
				},
				{
					"city": "邯郸市",
					"spell": "handanshi",
					"cityId": 894
				},
				{
					"city": "杭州市",
					"spell": "hangzhoushi",
					"cityId": 3134
				},
				{
					"city": "汉中市",
					"spell": "hanzhongshi",
					"cityId": 2510
				},
				{
					"city": "鹤壁市",
					"spell": "hebishi",
					"cityId": 1022
				},
				{
					"city": "河池市",
					"spell": "hechishi",
					"cityId": 635
				},
				{
					"city": "合肥市",
					"spell": "hefeishi",
					"cityId": 105
				},
				{
					"city": "鹤岗市",
					"spell": "hegangshi",
					"cityId": 1211
				},
				{
					"city": "黑河市",
					"spell": "heiheshi",
					"cityId": 1220
				},
				{
					"city": "衡水市",
					"spell": "hengshuishi",
					"cityId": 914
				},
				{
					"city": "衡阳市",
					"spell": "hengyangshi",
					"cityId": 1469
				},
				{
					"city": "和田地区",
					"spell": "hetiandiqu",
					"cityId": 2929
				},
				{
					"city": "河源市",
					"spell": "heyuanshi",
					"cityId": 448
				},
				{
					"city": "菏泽市",
					"spell": "hezeshi",
					"cityId": 2220
				},
				{
					"city": "贺州市",
					"spell": "hezhoushi",
					"cityId": 647
				},
				{
					"city": "红河哈尼族彝族自治州",
					"spell": "honghehanizuyizuzizhizhou",
					"cityId": 3043
				},
				{
					"city": "淮安市",
					"spell": "huaianshi",
					"cityId": 1666
				},
				{
					"city": "淮北市",
					"spell": "huaibeishi",
					"cityId": 167
				},
				{
					"city": "怀化市",
					"spell": "huaihuashi",
					"cityId": 1482
				},
				{
					"city": "淮南市",
					"spell": "huainanshi",
					"cityId": 172
				},
				{
					"city": "花莲县",
					"spell": "hualianxian",
					"cityId": 3246
				},
				{
					"city": "黄冈市",
					"spell": "huanggangshi",
					"cityId": 1348
				},
				{
					"city": "黄南藏族自治州",
					"spell": "huangnanzangzuzizhizhou",
					"cityId": 2170
				},
				{
					"city": "黄山市",
					"spell": "huangshanshi",
					"cityId": 179
				},
				{
					"city": "黄石市",
					"spell": "huangshishi",
					"cityId": 1359
				},
				{
					"city": "呼和浩特市",
					"spell": "huhehaoteshi",
					"cityId": 1990
				},
				{
					"city": "惠州市",
					"spell": "huizhoushi",
					"cityId": 455
				},
				{
					"city": "葫芦岛市",
					"spell": "huludaoshi",
					"cityId": 1946
				},
				{
					"city": "呼伦贝尔市",
					"spell": "hulunbeiershi",
					"cityId": 2044
				},
				{
					"city": "湖州市",
					"spell": "huzhoushi",
					"cityId": 3148
				}
			],
			"J": [
				{
					"city": "佳木斯市",
					"spell": "jiamusishi",
					"cityId": 1237
				},
				{
					"city": "江门市",
					"spell": "jiangmenshi",
					"cityId": 461
				},
				{
					"city": "吉安市",
					"spell": "jianshi",
					"cityId": 1805
				},
				{
					"city": "焦作市",
					"spell": "jiaozuoshi",
					"cityId": 1029
				},
				{
					"city": "嘉兴市",
					"spell": "jiaxingshi",
					"cityId": 3154
				},
				{
					"city": "嘉义市",
					"spell": "jiayishi",
					"cityId": 3248
				},
				{
					"city": "嘉义县",
					"spell": "jiayixian",
					"cityId": 3249
				},
				{
					"city": "嘉峪关市",
					"spell": "jiayuguanshi",
					"cityId": 355
				},
				{
					"city": "揭阳市",
					"spell": "jieyangshi",
					"cityId": 469
				},
				{
					"city": "吉林市",
					"spell": "jilinshi",
					"cityId": 1598
				},
				{
					"city": "基隆市",
					"spell": "jilongshi",
					"cityId": 3247
				},
				{
					"city": "济南市",
					"spell": "jinanshi",
					"cityId": 2183
				},
				{
					"city": "金昌市",
					"spell": "jinchangshi",
					"cityId": 356
				},
				{
					"city": "晋城市",
					"spell": "jinchengshi",
					"cityId": 2378
				},
				{
					"city": "景德镇市",
					"spell": "jingdezhenshi",
					"cityId": 1819
				},
				{
					"city": "荆门市",
					"spell": "jingmenshi",
					"cityId": 1366
				},
				{
					"city": "荆州市",
					"spell": "jingzhoushi",
					"cityId": 1372
				},
				{
					"city": "金华市",
					"spell": "jinhuashi",
					"cityId": 3162
				},
				{
					"city": "济宁市",
					"spell": "jiningshi",
					"cityId": 2230
				},
				{
					"city": "金门县",
					"spell": "jinmenxian",
					"cityId": 3250
				},
				{
					"city": "晋中市",
					"spell": "jinzhongshi",
					"cityId": 2385
				},
				{
					"city": "锦州市",
					"spell": "jinzhoushi",
					"cityId": 1953
				},
				{
					"city": "九江市",
					"spell": "jiujiangshi",
					"cityId": 1824
				},
				{
					"city": "九龙",
					"spell": "jiulong",
					"cityId": 3236
				},
				{
					"city": "酒泉市",
					"spell": "jiuquanshi",
					"cityId": 359
				},
				{
					"city": "鸡西市",
					"spell": "jixishi",
					"cityId": 1227
				},
				{
					"city": "济源市",
					"spell": "jiyuanshi",
					"cityId": 1028
				}
			],
			"K": [
				{
					"city": "开封市",
					"spell": "kaifengshi",
					"cityId": 1041
				},
				{
					"city": "喀什地区",
					"spell": "kashendiqu",
					"cityId": 2938
				},
				{
					"city": "克拉玛依市",
					"spell": "kelamayishi",
					"cityId": 2951
				},
				{
					"city": "克孜勒苏柯尔克孜自治州",
					"spell": "kezilesukeerkezizizhizhou",
					"cityId": 2956
				},
				{
					"city": "昆明市",
					"spell": "kunmingshi",
					"cityId": 2988
				}
			],
			"L": [
				{
					"city": "来宾市",
					"spell": "laibinshi",
					"cityId": 652
				},
				{
					"city": "莱芜市",
					"spell": "laiwushi",
					"cityId": 2243
				},
				{
					"city": "廊坊市",
					"spell": "langfangshi",
					"cityId": 926
				},
				{
					"city": "兰州市",
					"spell": "lanzhoushi",
					"cityId": 323
				},
				{
					"city": "拉萨市",
					"spell": "lasashi",
					"cityId": 2793
				},
				{
					"city": "乐东黎族自治县",
					"spell": "ledonglizuzizhixian",
					"cityId": 801
				},
				{
					"city": "乐山市",
					"spell": "leshanshi",
					"cityId": 2677
				},
				{
					"city": "凉山彝族自治州",
					"spell": "liangshanyizuzizhizhou",
					"cityId": 2689
				},
				{
					"city": "连云港市",
					"spell": "lianyungangshi",
					"cityId": 1675
				},
				{
					"city": "聊城市",
					"spell": "liaochengshi",
					"cityId": 2246
				},
				{
					"city": "辽阳市",
					"spell": "liaoyangshi",
					"cityId": 1961
				},
				{
					"city": "辽源市",
					"spell": "liaoyuanshi",
					"cityId": 1608
				},
				{
					"city": "离岛",
					"spell": "lidao",
					"cityId": 3241
				},
				{
					"city": "丽江市",
					"spell": "lijiangshi",
					"cityId": 3057
				},
				{
					"city": "临沧市",
					"spell": "lincangshi",
					"cityId": 3063
				},
				{
					"city": "临汾市",
					"spell": "linfenshi",
					"cityId": 2397
				},
				{
					"city": "临高县",
					"spell": "lingaoxian",
					"cityId": 802
				},
				{
					"city": "陵水黎族自治县",
					"spell": "lingshuilizuzizhixian",
					"cityId": 803
				},
				{
					"city": "临夏回族自治州",
					"spell": "linxiahuizuzizhizhou",
					"cityId": 367
				},
				{
					"city": "临沂市",
					"spell": "linyishi",
					"cityId": 2255
				},
				{
					"city": "林芝地区",
					"spell": "linzhidiqu",
					"cityId": 2822
				},
				{
					"city": "丽水市",
					"spell": "lishuishi",
					"cityId": 3172
				},
				{
					"city": "六安市",
					"spell": "liuanshi",
					"cityId": 187
				},
				{
					"city": "六盘水市",
					"spell": "liupanshuishi",
					"cityId": 718
				},
				{
					"city": "柳州市",
					"spell": "liuzhoushi",
					"cityId": 659
				},
				{
					"city": "陇南市",
					"spell": "longnanshi",
					"cityId": 376
				},
				{
					"city": "龙岩市",
					"spell": "longyanshi",
					"cityId": 242
				},
				{
					"city": "娄底市",
					"spell": "loudishi",
					"cityId": 1495
				},
				{
					"city": "吕梁市",
					"spell": "lu:liangshi",
					"cityId": 2415
				},
				{
					"city": "漯河市",
					"spell": "luoheshi",
					"cityId": 1068
				},
				{
					"city": "洛阳市",
					"spell": "luoyangshi",
					"cityId": 1052
				},
				{
					"city": "泸州市",
					"spell": "luzhoushi",
					"cityId": 2707
				}
			],
			"M": [
				{
					"city": "马鞍山市",
					"spell": "maanshanshi",
					"cityId": 195
				},
				{
					"city": "茂名市",
					"spell": "maomingshi",
					"cityId": 475
				},
				{
					"city": "眉山市",
					"spell": "meishanshi",
					"cityId": 2715
				},
				{
					"city": "梅州市",
					"spell": "meizhoushi",
					"cityId": 483
				},
				{
					"city": "绵阳市",
					"spell": "mianyangshi",
					"cityId": 2722
				},
				{
					"city": "苗栗县",
					"spell": "miaolixian",
					"cityId": 3251
				},
				{
					"city": "牡丹江市",
					"spell": "mudanjiangshi",
					"cityId": 1249
				}
			],
			"N": [
				{
					"city": "南昌市",
					"spell": "nanchangshi",
					"cityId": 1764
				},
				{
					"city": "南充市",
					"spell": "nanchongshi",
					"cityId": 2738
				},
				{
					"city": "南京市",
					"spell": "nanjingshi",
					"cityId": 1644
				},
				{
					"city": "南宁市",
					"spell": "nanningshi",
					"cityId": 567
				},
				{
					"city": "南平市",
					"spell": "nanpingshi",
					"cityId": 250
				},
				{
					"city": "南沙群岛",
					"spell": "nanshaqundao",
					"cityId": 804
				},
				{
					"city": "南通市",
					"spell": "nantongshi",
					"cityId": 1683
				},
				{
					"city": "南投县",
					"spell": "nantouxian",
					"cityId": 3252
				},
				{
					"city": "南阳市",
					"spell": "nanyangshi",
					"cityId": 1074
				},
				{
					"city": "内江市",
					"spell": "neijiangshi",
					"cityId": 2732
				},
				{
					"city": "那曲地区",
					"spell": "neiqudiqu",
					"cityId": 2830
				},
				{
					"city": "宁波市",
					"spell": "ningboshi",
					"cityId": 3182
				},
				{
					"city": "宁德市",
					"spell": "ningdeshi",
					"cityId": 261
				},
				{
					"city": "怒江傈僳族自治州",
					"spell": "nujianglisuzuzizhizhou",
					"cityId": 3072
				}
			],
			"P": [
				{
					"city": "盘锦市",
					"spell": "panjinshi",
					"cityId": 1969
				},
				{
					"city": "攀枝花市",
					"spell": "panzhihuashi",
					"cityId": 2748
				},
				{
					"city": "澎湖县",
					"spell": "penghuxian",
					"cityId": 3253
				},
				{
					"city": "平顶山市",
					"spell": "pingdingshanshi",
					"cityId": 1088
				},
				{
					"city": "屏东县",
					"spell": "pingdongxian",
					"cityId": 3254
				},
				{
					"city": "平凉市",
					"spell": "pingliangshi",
					"cityId": 386
				},
				{
					"city": "萍乡市",
					"spell": "pingxiangshi",
					"cityId": 1837
				},
				{
					"city": "莆田市",
					"spell": "putianshi",
					"cityId": 271
				},
				{
					"city": "濮阳市",
					"spell": "puyangshi",
					"cityId": 1099
				}
			],
			"Q": [
				{
					"city": "黔东南苗族侗族自治州",
					"spell": "qiandongnanmiaozudongzuzizhizhou",
					"cityId": 723
				},
				{
					"city": "潜江市",
					"spell": "qianjiangshi",
					"cityId": 1381
				},
				{
					"city": "黔南布依族苗族自治州",
					"spell": "qiannanbuyizumiaozuzizhizhou",
					"cityId": 740
				},
				{
					"city": "黔西南布依族苗族自治州",
					"spell": "qianxinanbuyizumiaozuzizhizhou",
					"cityId": 753
				},
				{
					"city": "青岛市",
					"spell": "qingdaoshi",
					"cityId": 2268
				},
				{
					"city": "庆阳市",
					"spell": "qingyangshi",
					"cityId": 394
				},
				{
					"city": "清远市",
					"spell": "qingyuanshi",
					"cityId": 491
				},
				{
					"city": "秦皇岛市",
					"spell": "qinhuangdaoshi",
					"cityId": 937
				},
				{
					"city": "钦州市",
					"spell": "qinzhoushi",
					"cityId": 670
				},
				{
					"city": "琼海市",
					"spell": "qionghaishi",
					"cityId": 805
				},
				{
					"city": "琼中黎族苗族自治县",
					"spell": "qiongzhonglizumiaozuzizhixian",
					"cityId": 806
				},
				{
					"city": "齐齐哈尔市",
					"spell": "qiqihaershi",
					"cityId": 1265
				},
				{
					"city": "七台河市",
					"spell": "qitaiheshi",
					"cityId": 1260
				},
				{
					"city": "泉州市",
					"spell": "quanzhoushi",
					"cityId": 277
				},
				{
					"city": "曲靖市",
					"spell": "qujingshi",
					"cityId": 3077
				},
				{
					"city": "衢州市",
					"spell": "quzhoushi",
					"cityId": 3194
				}
			],
			"R": [
				{
					"city": "日喀则地区",
					"spell": "rikazediqu",
					"cityId": 2841
				},
				{
					"city": "日照市",
					"spell": "rizhaoshi",
					"cityId": 2281
				}
			],
			"S": [
				{
					"city": "三门峡市",
					"spell": "sanmenxiashi",
					"cityId": 1106
				},
				{
					"city": "三明市",
					"spell": "sanmingshi",
					"cityId": 290
				},
				{
					"city": "三亚市",
					"spell": "sanyashi",
					"cityId": 807
				},
				{
					"city": "厦门市",
					"spell": "shamenshi",
					"cityId": 303
				},
				{
					"city": "上海市",
					"spell": "shanghaishi",
					"cityId": 22
				},
				{
					"city": "商洛市",
					"spell": "shangluoshi",
					"cityId": 2522
				},
				{
					"city": "商丘市",
					"spell": "shangqiushi",
					"cityId": 1113
				},
				{
					"city": "上饶市",
					"spell": "shangraoshi",
					"cityId": 1843
				},
				{
					"city": "山南地区",
					"spell": "shannandiqu",
					"cityId": 2860
				},
				{
					"city": "汕头市",
					"spell": "shantoushi",
					"cityId": 500
				},
				{
					"city": "汕尾市",
					"spell": "shanweishi",
					"cityId": 508
				},
				{
					"city": "韶关市",
					"spell": "shaoguanshi",
					"cityId": 513
				},
				{
					"city": "绍兴市",
					"spell": "shaoxingshi",
					"cityId": 3201
				},
				{
					"city": "邵阳市",
					"spell": "shaoyangshi",
					"cityId": 1501
				},
				{
					"city": "神农架林区",
					"spell": "shennongjialinqu",
					"cityId": 1382
				},
				{
					"city": "沈阳市",
					"spell": "shenyangshi",
					"cityId": 1875
				},
				{
					"city": "深圳市",
					"spell": "shenzhenshi",
					"cityId": 524
				},
				{
					"city": "石河子市",
					"spell": "shihezishi",
					"cityId": 2961
				},
				{
					"city": "石家庄市",
					"spell": "shijiazhuangshi",
					"cityId": 815
				},
				{
					"city": "十堰市",
					"spell": "shiyanshi",
					"cityId": 1383
				},
				{
					"city": "石嘴山市",
					"spell": "shizuishanshi",
					"cityId": 2117
				},
				{
					"city": "双鸭山市",
					"spell": "shuangyashanshi",
					"cityId": 1282
				},
				{
					"city": "朔州市",
					"spell": "shuozhoushi",
					"cityId": 2429
				},
				{
					"city": "思茅市",
					"spell": "simaoshi",
					"cityId": 3087
				},
				{
					"city": "四平市",
					"spell": "sipingshi",
					"cityId": 1613
				},
				{
					"city": "松原市",
					"spell": "songyuanshi",
					"cityId": 1620
				},
				{
					"city": "绥化市",
					"spell": "suihuashi",
					"cityId": 1291
				},
				{
					"city": "遂宁市",
					"spell": "suiningshi",
					"cityId": 2754
				},
				{
					"city": "随州市",
					"spell": "suizhoushi",
					"cityId": 1392
				},
				{
					"city": "宿迁市",
					"spell": "suqianshi",
					"cityId": 1704
				},
				{
					"city": "苏州市",
					"spell": "suzhoushi",
					"cityId": 1692
				}
			],
			"T": [
				{
					"city": "塔城地区",
					"spell": "tachengdiqu",
					"cityId": 2962
				},
				{
					"city": "泰安市",
					"spell": "taianshi",
					"cityId": 2286
				},
				{
					"city": "台北市",
					"spell": "taibeishi",
					"cityId": 3243
				},
				{
					"city": "台北县",
					"spell": "taibeixian",
					"cityId": 3255
				},
				{
					"city": "台东县",
					"spell": "taidongxian",
					"cityId": 3256
				},
				{
					"city": "台南市",
					"spell": "tainanshi",
					"cityId": 3257
				},
				{
					"city": "台南县",
					"spell": "tainanxian",
					"cityId": 3258
				},
				{
					"city": "太原市",
					"spell": "taiyuanshi",
					"cityId": 2341
				},
				{
					"city": "台中市",
					"spell": "taizhongshi",
					"cityId": 3259
				},
				{
					"city": "台中县",
					"spell": "taizhongxian",
					"cityId": 3260
				},
				{
					"city": "台州市",
					"spell": "taizhoushi",
					"cityId": 3208
				},
				{
					"city": "唐山市",
					"spell": "tangshanshi",
					"cityId": 945
				},
				{
					"city": "桃园县",
					"spell": "taoyuanxian",
					"cityId": 3261
				},
				{
					"city": "天津市",
					"spell": "tianjinshi",
					"cityId": 43
				},
				{
					"city": "天门市",
					"spell": "tianmenshi",
					"cityId": 1395
				},
				{
					"city": "天水市",
					"spell": "tianshuishi",
					"cityId": 403
				},
				{
					"city": "铁岭市",
					"spell": "tielingshi",
					"cityId": 1974
				},
				{
					"city": "铜川市",
					"spell": "tongchuanshi",
					"cityId": 2530
				},
				{
					"city": "通化市",
					"spell": "tonghuashi",
					"cityId": 1626
				},
				{
					"city": "通辽市",
					"spell": "tongliaoshi",
					"cityId": 2058
				},
				{
					"city": "铜陵市",
					"spell": "tonglingshi",
					"cityId": 206
				},
				{
					"city": "铜仁地区",
					"spell": "tongrendiqu",
					"cityId": 762
				},
				{
					"city": "吐鲁番地区",
					"spell": "tulufandiqu",
					"cityId": 2971
				},
				{
					"city": "图木舒克市",
					"spell": "tumushukeshi",
					"cityId": 2970
				},
				{
					"city": "屯昌县",
					"spell": "tunchangxian",
					"cityId": 808
				}
			],
			"W": [
				{
					"city": "万宁市",
					"spell": "wanningshi",
					"cityId": 809
				},
				{
					"city": "潍坊市",
					"spell": "weifangshi",
					"cityId": 2298
				},
				{
					"city": "威海市",
					"spell": "weihaishi",
					"cityId": 2293
				},
				{
					"city": "渭南市",
					"spell": "weinanshi",
					"cityId": 2535
				},
				{
					"city": "文昌市",
					"spell": "wenchangshi",
					"cityId": 810
				},
				{
					"city": "文山壮族苗族自治州",
					"spell": "wenshanzhuangzumiaozuzizhizhou",
					"cityId": 3098
				},
				{
					"city": "温州市",
					"spell": "wenzhoushi",
					"cityId": 3218
				},
				{
					"city": "乌海市",
					"spell": "wuhaishi",
					"cityId": 2067
				},
				{
					"city": "武汉市",
					"spell": "wuhanshi",
					"cityId": 1321
				},
				{
					"city": "芜湖市",
					"spell": "wuhushi",
					"cityId": 211
				},
				{
					"city": "五家渠市",
					"spell": "wujiaqushi",
					"cityId": 2975
				},
				{
					"city": "乌兰察布市",
					"spell": "wulanchabushi",
					"cityId": 2071
				},
				{
					"city": "乌鲁木齐市",
					"spell": "wulumuqishi",
					"cityId": 2874
				},
				{
					"city": "武威市",
					"spell": "wuweishi",
					"cityId": 411
				},
				{
					"city": "无锡市",
					"spell": "wuxishi",
					"cityId": 1717
				},
				{
					"city": "五指山市",
					"spell": "wuzhishanshi",
					"cityId": 811
				},
				{
					"city": "吴忠市",
					"spell": "wuzhongshi",
					"cityId": 2121
				},
				{
					"city": "梧州市",
					"spell": "wuzhoushi",
					"cityId": 675
				}
			],
			"X": [
				{
					"city": "襄樊市",
					"spell": "xiangfanshi",
					"cityId": 1404
				},
				{
					"city": "香港岛",
					"spell": "xianggangdao",
					"cityId": 3237
				},
				{
					"city": "湘潭市",
					"spell": "xiangtanshi",
					"cityId": 1514
				},
				{
					"city": "湘西土家族苗族自治州",
					"spell": "xiangxitujiazumiaozuzizhizhou",
					"cityId": 1520
				},
				{
					"city": "咸宁市",
					"spell": "xianningshi",
					"cityId": 1397
				},
				{
					"city": "西安市",
					"spell": "xianshi",
					"cityId": 2472
				},
				{
					"city": "仙桃市",
					"spell": "xiantaoshi",
					"cityId": 1396
				},
				{
					"city": "咸阳市",
					"spell": "xianyangshi",
					"cityId": 2547
				},
				{
					"city": "孝感市",
					"spell": "xiaoganshi",
					"cityId": 1414
				},
				{
					"city": "锡林郭勒盟",
					"spell": "xilinguolemeng",
					"cityId": 2083
				},
				{
					"city": "兴安盟",
					"spell": "xinganmeng",
					"cityId": 2096
				},
				{
					"city": "邢台市",
					"spell": "xingtaishi",
					"cityId": 960
				},
				{
					"city": "西宁市",
					"spell": "xiningshi",
					"cityId": 2131
				},
				{
					"city": "新界",
					"spell": "xinjie",
					"cityId": 3238
				},
				{
					"city": "新乡市",
					"spell": "xinxiangshi",
					"cityId": 1123
				},
				{
					"city": "信阳市",
					"spell": "xinyangshi",
					"cityId": 1136
				},
				{
					"city": "新余市",
					"spell": "xinyushi",
					"cityId": 1856
				},
				{
					"city": "忻州市",
					"spell": "xinzhoushi",
					"cityId": 2436
				},
				{
					"city": "新竹市",
					"spell": "xinzhushi",
					"cityId": 3262
				},
				{
					"city": "新竹县",
					"spell": "xinzhuxian",
					"cityId": 3263
				},
				{
					"city": "西沙群岛",
					"spell": "xishaqundao",
					"cityId": 812
				},
				{
					"city": "西双版纳傣族自治州",
					"spell": "xishuangbannadaizuzizhizhou",
					"cityId": 3107
				},
				{
					"city": "宣城市",
					"spell": "xuanchengshi",
					"cityId": 219
				},
				{
					"city": "许昌市",
					"spell": "xuchangshi",
					"cityId": 1147
				},
				{
					"city": "徐州市",
					"spell": "xuzhoushi",
					"cityId": 1726
				}
			],
			"Y": [
				{
					"city": "雅安市",
					"spell": "yaanshi",
					"cityId": 2760
				},
				{
					"city": "延安市",
					"spell": "yananshi",
					"cityId": 2562
				},
				{
					"city": "延边朝鲜族自治州",
					"spell": "yanbianchaoxianzuzizhizhou",
					"cityId": 1634
				},
				{
					"city": "盐城市",
					"spell": "yanchengshi",
					"cityId": 1738
				},
				{
					"city": "阳江市",
					"spell": "yangjiangshi",
					"cityId": 531
				},
				{
					"city": "阳泉市",
					"spell": "yangquanshi",
					"cityId": 2451
				},
				{
					"city": "扬州市",
					"spell": "yangzhoushi",
					"cityId": 1748
				},
				{
					"city": "烟台市",
					"spell": "yantaishi",
					"cityId": 2311
				},
				{
					"city": "宜宾市",
					"spell": "yibinshi",
					"cityId": 2769
				},
				{
					"city": "宜昌市",
					"spell": "yichangshi",
					"cityId": 1422
				},
				{
					"city": "宜春市",
					"spell": "yichunshi",
					"cityId": 1859
				},
				{
					"city": "宜兰县",
					"spell": "yilanxian",
					"cityId": 3264
				},
				{
					"city": "伊犁哈萨克自治州",
					"spell": "yilihasakezizhizhou",
					"cityId": 2976
				},
				{
					"city": "银川市",
					"spell": "yinchuanshi",
					"cityId": 2104
				},
				{
					"city": "营口市",
					"spell": "yingkoushi",
					"cityId": 1982
				},
				{
					"city": "鹰潭市",
					"spell": "yingtanshi",
					"cityId": 1870
				},
				{
					"city": "益阳市",
					"spell": "yiyangshi",
					"cityId": 1529
				},
				{
					"city": "永州市",
					"spell": "yongzhoushi",
					"cityId": 1536
				},
				{
					"city": "岳阳市",
					"spell": "yueyangshi",
					"cityId": 1548
				},
				{
					"city": "榆林市",
					"spell": "yulinshi",
					"cityId": 2576
				},
				{
					"city": "运城市",
					"spell": "yunchengshi",
					"cityId": 2457
				},
				{
					"city": "云浮市",
					"spell": "yunfushi",
					"cityId": 536
				},
				{
					"city": "云林县",
					"spell": "yunlinxian",
					"cityId": 3265
				},
				{
					"city": "玉树藏族自治州",
					"spell": "yushuzangzuzizhizhou",
					"cityId": 2175
				},
				{
					"city": "玉溪市",
					"spell": "yuxishi",
					"cityId": 3111
				}
			],
			"Z": [
				{
					"city": "枣庄市",
					"spell": "zaozhuangshi",
					"cityId": 2324
				},
				{
					"city": "长春市",
					"spell": "zhangchunshi",
					"cityId": 1574
				},
				{
					"city": "彰化县",
					"spell": "zhanghuaxian",
					"cityId": 3266
				},
				{
					"city": "张家界市",
					"spell": "zhangjiajieshi",
					"cityId": 1558
				},
				{
					"city": "张家口市",
					"spell": "zhangjiakoushi",
					"cityId": 980
				},
				{
					"city": "长沙市",
					"spell": "zhangshashi",
					"cityId": 1437
				},
				{
					"city": "张掖市",
					"spell": "zhangyeshi",
					"cityId": 416
				},
				{
					"city": "长治市",
					"spell": "zhangzhishi",
					"cityId": 2352
				},
				{
					"city": "漳州市",
					"spell": "zhangzhoushi",
					"cityId": 310
				},
				{
					"city": "湛江市",
					"spell": "zhanjiangshi",
					"cityId": 542
				},
				{
					"city": "肇庆市",
					"spell": "zhaoqingshi",
					"cityId": 552
				},
				{
					"city": "昭通市",
					"spell": "zhaotongshi",
					"cityId": 3121
				},
				{
					"city": "郑州市",
					"spell": "zhengzhoushi",
					"cityId": 999
				},
				{
					"city": "镇江市",
					"spell": "zhenjiangshi",
					"cityId": 1756
				},
				{
					"city": "重庆市",
					"spell": "zhongqingshi",
					"cityId": 63
				},
				{
					"city": "中山市",
					"spell": "zhongshanshi",
					"cityId": 561
				},
				{
					"city": "中沙群岛的岛礁及其海域",
					"spell": "zhongshaqundaodedaojiaojiqihaiyu",
					"cityId": 813
				},
				{
					"city": "中卫市",
					"spell": "zhongweishi",
					"cityId": 2126
				},
				{
					"city": "周口市",
					"spell": "zhoukoushi",
					"cityId": 1154
				},
				{
					"city": "舟山市",
					"spell": "zhoushanshi",
					"cityId": 3230
				},
				{
					"city": "珠海市",
					"spell": "zhuhaishi",
					"cityId": 562
				},
				{
					"city": "驻马店市",
					"spell": "zhumadianshi",
					"cityId": 1165
				},
				{
					"city": "株洲市",
					"spell": "zhuzhoushi",
					"cityId": 1563
				},
				{
					"city": "淄博市",
					"spell": "ziboshi",
					"cityId": 2331
				},
				{
					"city": "自贡市",
					"spell": "zigongshi",
					"cityId": 2785
				},
				{
					"city": "资阳市",
					"spell": "ziyangshi",
					"cityId": 2780
				},
				{
					"city": "遵义市",
					"spell": "zunyishi",
					"cityId": 773
				}
			]
		}
	}
}
